{
    "Resolution limit [wl]": 3.819633275270462e-05,
    "N_sensors": "100",
    "N_timepoints": "100",
    "Magnification": "60",
    "Optical axis magnification": 2706.766917293233,
    "Camera FoV [wl]": 0.8695652173913043,
    "Voxel Size": 0.08695652173913043,
    "Wavelength": 5.191836734693878e-07,
    "n_objective": 1.33,
    "n_substrate": 1.33,
    "n_camera": 1,
    "Relative permeability": 1,
    "epsr_objective": 1.7689000000000001,
    "epsr_substrate": 1.7689000000000001,
    "epsr_camera": 1.0,
    "f_obj": 0.05,
    "f_cam": 2.255639097744361,
    "NA": 1.2,
    "Theta max": 1.124972274337552,
    "Substrate interface [m]": -3e-08,
    "Dipole_positions [wl]": [
        [
            -1.909816637635231e-05,
            0.0,
            0.0
        ],
        [
            1.909816637635231e-05,
            0.0,
            0.0
        ]
    ]
}