{
    "Resolution limit [wl]": 0.007450103759765624,
    "N_sensors": "100",
    "Sensor radius": 0.05,
    "N_timepoints": "170",
    "Wavelength": 6.9e-07,
    "n_objective": 1.33,
    "Relative permeability": 1,
    "epsr_objective": 1.7689000000000001,
    "Theta max": 0,
    "Offset [wl]": 0.0,
    "Dipole_positions [wl]": [
        [
            -0.003725051879882812,
            0.0,
            0.0
        ],
        [
            0.003725051879882812,
            0.0,
            0.0
        ]
    ]
}