{
    "Resolution limit [wl]": 0.0030318339122459292,
    "N_sensors": "100",
    "Sensor radius": 0.05,
    "N_timepoints": "910",
    "Wavelength": 6.9e-07,
    "n_objective": 1.33,
    "Relative permeability": 1,
    "epsr_objective": 1.7689000000000001,
    "Theta max": 0,
    "Offset [wl]": 0.0,
    "Dipole_positions [wl]": [
        [
            -0.0015159169561229646,
            0.0,
            0.0
        ],
        [
            0.0015159169561229646,
            0.0,
            0.0
        ]
    ]
}