{
    "Resolution limit [wl]": 0.0161132812499841,
    "N_sensors": "100",
    "Sensor radius": 0.05,
    "N_timepoints": "100",
    "Wavelength": 6.9e-07,
    "n_objective": 1.33,
    "Relative permeability": 1,
    "epsr_objective": 1.7689000000000001,
    "NA": 1.2,
    "Theta max": 1.124972274337552,
    "Dipole_positions [wl]": [
        [
            59.99194335937501,
            0.0,
            0.0
        ],
        [
            60.00805664062499,
            0.0,
            0.0
        ]
    ]
}