{
    "Resolution limit [wl]": 0.014934501262627966,
    "N_sensors": "100",
    "Sensor radius": 0.05,
    "N_timepoints": "100",
    "Wavelength": 6.9e-07,
    "n_objective": 1.33,
    "Relative permeability": 1,
    "epsr_objective": 1.7689000000000001,
    "NA": 1.2,
    "Theta max": 1.124972274337552,
    "Dipole_positions [wl]": [
        [
            9.28546204229798,
            0.0,
            0.0
        ],
        [
            9.300396543560607,
            0.0,
            0.0
        ]
    ]
}