{
    "Resolution limit [wl]": 0.014533996582031248,
    "N_sensors": "100",
    "Sensor radius": 0.05,
    "N_timepoints": "100",
    "Wavelength": 4.827272727272727e-07,
    "n_objective": 1.33,
    "Relative permeability": 1,
    "epsr_objective": 1.7689000000000001,
    "NA": 1.2,
    "Theta max": 1.124972274337552,
    "Dipole_positions [wl]": [
        [
            -0.007266998291015624,
            0.0,
            0.0
        ],
        [
            0.007266998291015624,
            0.0,
            0.0
        ]
    ]
}