{
    "Resolution limit [wl]": 0.1299192393198609,
    "N_sensors": "600",
    "Sensor radius": 0.1,
    "N_timepoints": "10",
    "Wavelength": 6.9e-07,
    "n_objective": 1.33,
    "Relative permeability": 1,
    "epsr_objective": 1.7689000000000001,
    "NA": 0.8,
    "Theta max": 0.6453821359990306,
    "Dipole_positions [wl]": [
        [
            -0.06495961965993045,
            0.0,
            0.0
        ],
        [
            0.06495961965993045,
            0.0,
            0.0
        ]
    ]
}