{
    "Resolution limit [wl]": 0.017883628606796265,
    "N_sensors": "600",
    "Sensor radius": 0.1,
    "N_timepoints": "100",
    "Wavelength": 6.9e-07,
    "n_objective": 1.33,
    "Relative permeability": 1,
    "epsr_objective": 1.7689000000000001,
    "NA": 1.0,
    "Theta max": 0.8509085144778487,
    "Dipole_positions [wl]": [
        [
            -0.008941814303398132,
            0.0,
            0.0
        ],
        [
            0.008941814303398132,
            0.0,
            0.0
        ]
    ]
}