{
    "Resolution limit [wl]": 0.21460354328155515,
    "N_sensors": "700",
    "Sensor radius": 0.2,
    "N_timepoints": "10",
    "Wavelength": 6.9e-07,
    "n_objective": 1.33,
    "Relative permeability": 1,
    "epsr_objective": 1.7689000000000001,
    "NA": 0.8,
    "Theta max": 0.6453821359990306,
    "Dipole_positions [wl]": [
        [
            -0.10730177164077757,
            0.0,
            0.0
        ],
        [
            0.10730177164077757,
            0.0,
            0.0
        ]
    ]
}