{
    "Resolution limit [wl]": 0.013040967285633085,
    "N_sensors": "702",
    "Sensor radius": 0.1,
    "N_timepoints": "70",
    "Wavelength": 6.9e-07,
    "n_objective": 1.33,
    "Relative permeability": 1,
    "epsr_objective": 1.7689000000000001,
    "NA": 1.2,
    "Theta max": 1.124972274337552,
    "Dipole_positions [wl]": [
        [
            -0.006520483642816543,
            0.0,
            0.0
        ],
        [
            0.006520483642816543,
            0.0,
            0.0
        ]
    ]
}