{
    "Resolution limit [wl]": 0.00798426568508148,
    "N_sensors": "800",
    "Sensor radius": 0.05,
    "N_timepoints": "40",
    "Wavelength": 6.9e-07,
    "n_objective": 1.33,
    "Relative permeability": 1,
    "epsr_objective": 1.7689000000000001,
    "NA": 1.2,
    "Theta max": 1.124972274337552,
    "Dipole_positions [wl]": [
        [
            -0.00399213284254074,
            0.0,
            0.0
        ],
        [
            0.00399213284254074,
            0.0,
            0.0
        ]
    ]
}