{
    "Resolution limit [wl]": 0.030044496059417718,
    "N_sensors": "800",
    "Sensor radius": 0.2,
    "N_timepoints": "100",
    "Wavelength": 6.9e-07,
    "n_objective": 1.33,
    "Relative permeability": 1,
    "epsr_objective": 1.7689000000000001,
    "NA": 1.0,
    "Theta max": 0.8509085144778487,
    "Dipole_positions [wl]": [
        [
            -0.015022248029708859,
            0.0,
            0.0
        ],
        [
            0.015022248029708859,
            0.0,
            0.0
        ]
    ]
}