{
    "Resolution limit [wl]": 0.10682487487792967,
    "N_sensors": "1000",
    "Sensor radius": 0.2,
    "N_timepoints": "10",
    "Wavelength": 6.9e-07,
    "n_objective": 1.33,
    "Relative permeability": 1,
    "epsr_objective": 1.7689000000000001,
    "NA": 1.0,
    "Theta max": 0.8509085144778487,
    "Dipole_positions [wl]": [
        [
            -0.05341243743896484,
            0.0,
            0.0
        ],
        [
            0.05341243743896484,
            0.0,
            0.0
        ]
    ]
}