{
    "Resolution limit [wl]": 0.0432586669921875,
    "N_sensors": "500",
    "Sensor radius": 0.1,
    "N_timepoints": "10",
    "Wavelength": 6.9e-07,
    "n_objective": 1.33,
    "Relative permeability": 1,
    "epsr_objective": 1.7689000000000001,
    "NA": 1.2,
    "Theta max": 1.124972274337552,
    "Dipole_positions [wl]": [
        [
            -0.02162933349609375,
            0.0,
            0.0
        ],
        [
            0.02162933349609375,
            0.0,
            0.0
        ]
    ]
}