{
    "Resolution limit [wl]": 0.015625000000005412,
    "N_sensors": "100",
    "Sensor radius": 0.05,
    "N_timepoints": "100",
    "Wavelength": 6.9e-07,
    "n_objective": 1.33,
    "Relative permeability": 1,
    "epsr_objective": 1.7689000000000001,
    "Theta max": 0,
    "Offset [wl]": 87.0,
    "Dipole_positions [wl]": [
        [
            86.9921875,
            0.0,
            0.0
        ],
        [
            87.00781250000001,
            0.0,
            0.0
        ]
    ]
}