{
    "Resolution limit [wl]": 0.005365088582038879,
    "N_sensors": "100",
    "Sensor radius": 0.05,
    "N_timepoints": "720",
    "Wavelength": 6.9e-07,
    "n_objective": 1.33,
    "Relative permeability": 1,
    "epsr_objective": 1.7689000000000001,
    "NA": 1.2,
    "Theta max": 1.124972274337552,
    "Offset [wl]": 0.0,
    "Dipole_positions [wl]": [
        [
            -0.0026825442910194397,
            0.0,
            0.0
        ],
        [
            0.0026825442910194397,
            0.0,
            0.0
        ]
    ]
}