{
    "Resolution limit [wl]": 0.053833007812499986,
    "N_sensors": "100",
    "Sensor radius": 0.28636,
    "N_timepoints": "100",
    "Wavelength": 6.9e-07,
    "n_objective": 1.33,
    "Relative permeability": 1,
    "epsr_objective": 1.7689000000000001,
    "Theta max": 0,
    "Dipole_positions [wl]": [
        [
            -0.026916503906249993,
            0.0,
            0.0
        ],
        [
            0.026916503906249993,
            0.0,
            0.0
        ]
    ]
}