{
    "Resolution limit [wl]": 0.055002719163894646,
    "N_sensors": "100",
    "Sensor radius": 0.29091,
    "N_timepoints": "100",
    "Wavelength": 6.9e-07,
    "n_objective": 1.33,
    "Relative permeability": 1,
    "epsr_objective": 1.7689000000000001,
    "Theta max": 0,
    "Dipole_positions [wl]": [
        [
            -0.027501359581947323,
            0.0,
            0.0
        ],
        [
            0.027501359581947323,
            0.0,
            0.0
        ]
    ]
}