{
    "Resolution limit [wl]": 0.026075363159179684,
    "N_sensors": "700",
    "Sensor radius": 0.1,
    "N_timepoints": "40",
    "Wavelength": 6.9e-07,
    "n_objective": 1.33,
    "Relative permeability": 1,
    "epsr_objective": 1.7689000000000001,
    "NA": 1.0,
    "Theta max": 0.8509085144778487,
    "Dipole_positions [wl]": [
        [
            -0.013037681579589842,
            0.0,
            0.0
        ],
        [
            0.013037681579589842,
            0.0,
            0.0
        ]
    ]
}