{
    "Resolution limit [wl]": 0.010310411453247069,
    "N_sensors": "700",
    "Sensor radius": 0.05,
    "N_timepoints": "70",
    "Wavelength": 6.9e-07,
    "n_objective": 1.33,
    "Relative permeability": 1,
    "epsr_objective": 1.7689000000000001,
    "NA": 1.0,
    "Theta max": 0.8509085144778487,
    "Dipole_positions [wl]": [
        [
            -0.005155205726623534,
            0.0,
            0.0
        ],
        [
            0.005155205726623534,
            0.0,
            0.0
        ]
    ]
}