{
    "Resolution limit [wl]": 0.0586695671081543,
    "N_sensors": "799",
    "Sensor radius": 0.2,
    "N_timepoints": "70",
    "Wavelength": 6.9e-07,
    "n_objective": 1.33,
    "Relative permeability": 1,
    "epsr_objective": 1.7689000000000001,
    "NA": 0.8,
    "Theta max": 0.6453821359990306,
    "Dipole_positions [wl]": [
        [
            -0.02933478355407715,
            0.0,
            0.0
        ],
        [
            0.02933478355407715,
            0.0,
            0.0
        ]
    ]
}