{
    "Resolution limit [wl]": 0.022350311279296875,
    "N_sensors": "400",
    "Sensor radius": 0.2,
    "N_timepoints": "100",
    "Wavelength": 6.9e-07,
    "n_objective": 1.33,
    "Relative permeability": 1,
    "epsr_objective": 1.7689000000000001,
    "NA": 1.2,
    "Theta max": 1.124972274337552,
    "Dipole_positions [wl]": [
        [
            -0.011175155639648438,
            0.0,
            0.0
        ],
        [
            0.011175155639648438,
            0.0,
            0.0
        ]
    ]
}