{
    "Resolution limit [wl]": 0.01862525939941406,
    "N_sensors": "100",
    "Sensor radius": 0.05,
    "N_timepoints": "69",
    "Wavelength": 6.9e-07,
    "n_objective": 1.33,
    "Relative permeability": 1,
    "epsr_objective": 1.7689000000000001,
    "NA": 1.2,
    "Theta max": 1.124972274337552,
    "Offset [wl]": 0.0,
    "Dipole_positions [wl]": [
        [
            -0.00931262969970703,
            0.0,
            0.0
        ],
        [
            0.00931262969970703,
            0.0,
            0.0
        ]
    ]
}