{
    "Resolution limit [wl]": 0.01971173286437988,
    "N_sensors": "100",
    "Sensor radius": 0.10455,
    "N_timepoints": "100",
    "Wavelength": 6.9e-07,
    "n_objective": 1.33,
    "Relative permeability": 1,
    "epsr_objective": 1.7689000000000001,
    "Theta max": 0,
    "Dipole_positions [wl]": [
        [
            -0.00985586643218994,
            0.0,
            0.0
        ],
        [
            0.00985586643218994,
            0.0,
            0.0
        ]
    ]
}