{
    "Resolution limit [wl]": 0.03666847944259643,
    "N_sensors": "100",
    "Sensor radius": 0.19545,
    "N_timepoints": "100",
    "Wavelength": 6.9e-07,
    "n_objective": 1.33,
    "Relative permeability": 1,
    "epsr_objective": 1.7689000000000001,
    "Theta max": 0,
    "Dipole_positions [wl]": [
        [
            -0.018334239721298214,
            0.0,
            0.0
        ],
        [
            0.018334239721298214,
            0.0,
            0.0
        ]
    ]
}