{
    "Resolution limit [wl]": 0.04614257812499999,
    "N_sensors": "100",
    "Sensor radius": 0.24545,
    "N_timepoints": "100",
    "Wavelength": 6.9e-07,
    "n_objective": 1.33,
    "Relative permeability": 1,
    "epsr_objective": 1.7689000000000001,
    "Theta max": 0,
    "Dipole_positions [wl]": [
        [
            -0.023071289062499997,
            0.0,
            0.0
        ],
        [
            0.023071289062499997,
            0.0,
            0.0
        ]
    ]
}