{
    "Resolution limit [wl]": 0.03755562007427215,
    "N_sensors": "100",
    "Sensor radius": 0.2,
    "N_timepoints": "100",
    "Wavelength": 6.9e-07,
    "n_objective": 1.33,
    "Relative permeability": 1,
    "epsr_objective": 1.7689000000000001,
    "Theta max": 0,
    "Dipole_positions [wl]": [
        [
            -0.018777810037136074,
            0.0,
            0.0
        ],
        [
            0.018777810037136074,
            0.0,
            0.0
        ]
    ]
}