{
    "Resolution limit [wl]": 0.062369154766201966,
    "N_sensors": "100",
    "Sensor radius": 0.33182,
    "N_timepoints": "100",
    "Wavelength": 6.9e-07,
    "n_objective": 1.33,
    "Relative permeability": 1,
    "epsr_objective": 1.7689000000000001,
    "Theta max": 0,
    "Dipole_positions [wl]": [
        [
            -0.031184577383100983,
            0.0,
            0.0
        ],
        [
            0.031184577383100983,
            0.0,
            0.0
        ]
    ]
}