{
    "Resolution limit [wl]": 0.08870279788970947,
    "N_sensors": "100",
    "Sensor radius": 0.46818,
    "N_timepoints": "100",
    "Wavelength": 6.9e-07,
    "n_objective": 1.33,
    "Relative permeability": 1,
    "epsr_objective": 1.7689000000000001,
    "Theta max": 0,
    "Dipole_positions [wl]": [
        [
            -0.044351398944854736,
            0.0,
            0.0
        ],
        [
            0.044351398944854736,
            0.0,
            0.0
        ]
    ]
}