{
    "Resolution limit [wl]": 0.11962890625000001,
    "N_sensors": "100",
    "Sensor radius": 0.40909,
    "N_timepoints": "100",
    "Wavelength": 6.9e-07,
    "n_objective": 1.33,
    "Relative permeability": 1,
    "epsr_objective": 1.7689000000000001,
    "NA": 1.2,
    "Theta max": 1.124972274337552,
    "Dipole_positions [wl]": [
        [
            -0.05981445312500001,
            0.0,
            0.0
        ],
        [
            0.05981445312500001,
            0.0,
            0.0
        ]
    ]
}