{
    "Resolution limit [wl]": 0.005238354206085206,
    "N_sensors": "317",
    "Sensor radius": 0.05,
    "N_timepoints": "100",
    "Wavelength": 6.9e-07,
    "n_objective": 1.33,
    "Relative permeability": 1,
    "epsr_objective": 1.7689000000000001,
    "Theta max": 0,
    "Dipole_positions [wl]": [
        [
            -0.002619177103042603,
            0.0,
            0.0
        ],
        [
            0.002619177103042603,
            0.0,
            0.0
        ]
    ]
}