{
    "Resolution limit [wl]": 0.013625621795654299,
    "N_sensors": "48",
    "Sensor radius": 0.05,
    "N_timepoints": "100",
    "Wavelength": 6.9e-07,
    "n_objective": 1.33,
    "Relative permeability": 1,
    "epsr_objective": 1.7689000000000001,
    "Theta max": 0,
    "Dipole_positions [wl]": [
        [
            -0.006812810897827149,
            0.0,
            0.0
        ],
        [
            0.006812810897827149,
            0.0,
            0.0
        ]
    ]
}