{
    "Resolution limit [wl]": 0.008010864257812502,
    "N_sensors": "138",
    "Sensor radius": 0.05,
    "N_timepoints": "100",
    "Wavelength": 6.9e-07,
    "n_objective": 1.33,
    "Relative permeability": 1,
    "epsr_objective": 1.7689000000000001,
    "Theta max": 0,
    "Dipole_positions [wl]": [
        [
            -0.004005432128906251,
            0.0,
            0.0
        ],
        [
            0.004005432128906251,
            0.0,
            0.0
        ]
    ]
}