{
    "Resolution limit [wl]": 0.006308555603027344,
    "N_sensors": "220",
    "Sensor radius": 0.05,
    "N_timepoints": "100",
    "Wavelength": 6.9e-07,
    "n_objective": 1.33,
    "Relative permeability": 1,
    "epsr_objective": 1.7689000000000001,
    "Theta max": 0,
    "Dipole_positions [wl]": [
        [
            -0.003154277801513672,
            0.0,
            0.0
        ],
        [
            0.003154277801513672,
            0.0,
            0.0
        ]
    ]
}