{
    "Resolution limit [wl]": 0.004205703735351563,
    "N_sensors": "497",
    "Sensor radius": 0.05,
    "N_timepoints": "100",
    "Wavelength": 6.9e-07,
    "n_objective": 1.33,
    "Relative permeability": 1,
    "epsr_objective": 1.7689000000000001,
    "Theta max": 0,
    "Dipole_positions [wl]": [
        [
            -0.0021028518676757817,
            0.0,
            0.0
        ],
        [
            0.0021028518676757817,
            0.0,
            0.0
        ]
    ]
}