{
    "Resolution limit [wl]": 0.013671875,
    "N_sensors": "100",
    "Sensor radius": 0.05,
    "N_timepoints": "100",
    "Wavelength": 6.9e-07,
    "n_objective": 1.33,
    "Relative permeability": 1,
    "epsr_objective": 1.7689000000000001,
    "Theta max": 1.189997217268861,
    "Dipole_positions [wl]": [
        [
            -0.0068359375,
            0.0,
            0.0
        ],
        [
            0.0068359375,
            0.0,
            0.0
        ]
    ]
}