{
    "Resolution limit [wl]": 0.01222282648086548,
    "N_sensors": "101",
    "Sensor radius": 0.05,
    "N_timepoints": "100",
    "Wavelength": 6.9e-07,
    "n_objective": 1.33,
    "Relative permeability": 1,
    "epsr_objective": 1.7689000000000001,
    "Theta max": 1.2851969946503699,
    "Dipole_positions [wl]": [
        [
            -0.00611141324043274,
            0.0,
            0.0
        ],
        [
            0.00611141324043274,
            0.0,
            0.0
        ]
    ]
}