{
    "Resolution limit [wl]": 0.010730177164077759,
    "N_sensors": "99",
    "Sensor radius": 0.05,
    "N_timepoints": "100",
    "Wavelength": 6.9e-07,
    "n_objective": 1.33,
    "Relative permeability": 1,
    "epsr_objective": 1.7689000000000001,
    "Theta max": 1.4279966607226333,
    "Dipole_positions [wl]": [
        [
            -0.005365088582038879,
            0.0,
            0.0
        ],
        [
            0.005365088582038879,
            0.0,
            0.0
        ]
    ]
}