{
    "Resolution limit [wl]": 0.008720397949218748,
    "N_sensors": "100",
    "Sensor radius": 0.05,
    "N_timepoints": "100",
    "Wavelength": 6.9e-07,
    "n_objective": 1.33,
    "Relative permeability": 1,
    "epsr_objective": 1.7689000000000001,
    "Theta max": 2.237194768465459,
    "Dipole_positions [wl]": [
        [
            -0.004360198974609374,
            0.0,
            0.0
        ],
        [
            0.004360198974609374,
            0.0,
            0.0
        ]
    ]
}