{
    "Resolution limit [wl]": 0.008651733398437498,
    "N_sensors": "101",
    "Sensor radius": 0.05,
    "N_timepoints": "100",
    "Wavelength": 6.9e-07,
    "n_objective": 1.33,
    "Relative permeability": 1,
    "epsr_objective": 1.7689000000000001,
    "Theta max": 2.284794657156213,
    "Dipole_positions [wl]": [
        [
            -0.004325866699218749,
            0.0,
            0.0
        ],
        [
            0.004325866699218749,
            0.0,
            0.0
        ]
    ]
}