{
    "Resolution limit [wl]": 0.054073333740234375,
    "N_sensors": "100",
    "Sensor radius": 0.05,
    "N_timepoints": "40",
    "Wavelength": 6.9e-07,
    "n_objective": 1.33,
    "Relative permeability": 1,
    "epsr_objective": 1.7689000000000001,
    "NA": 0.8,
    "Theta max": 0.6453821359990306,
    "Dipole_positions [wl]": [
        [
            -0.027036666870117188,
            0.0,
            0.0
        ],
        [
            0.027036666870117188,
            0.0,
            0.0
        ]
    ]
}