{
    "Resolution limit [wl]": 0.025234222412109368,
    "N_sensors": "100",
    "Sensor radius": 0.05,
    "N_timepoints": "70",
    "Wavelength": 6.9e-07,
    "n_objective": 1.33,
    "Relative permeability": 1,
    "epsr_objective": 1.7689000000000001,
    "NA": 1.0,
    "Theta max": 0.8509085144778487,
    "Dipole_positions [wl]": [
        [
            -0.012617111206054684,
            0.0,
            0.0
        ],
        [
            0.012617111206054684,
            0.0,
            0.0
        ]
    ]
}