{
    "Resolution limit [wl]": 0.00010463085509052042,
    "N_sensors": "100",
    "N_timepoints": "70",
    "Magnification": "60",
    "Optical axis magnification": 2706.766917293233,
    "Camera FoV [wl]": 1.4492753623188408,
    "Wavelength": 6.9e-07,
    "n_objective": 1.33,
    "n_substrate": 1.33,
    "n_camera": 1,
    "Relative permeability": 1,
    "epsr_objective": 1.7689000000000001,
    "epsr_substrate": 1.7689000000000001,
    "epsr_camera": 1.0,
    "f_obj": 0.0011083333333333333,
    "f_cam": 0.05,
    "NA": 1.0,
    "Theta max": 0.8509085144778487,
    "Substrate interface [m]": -3e-08,
    "Dipole_positions [wl]": [
        [
            -5.231542754526021e-05,
            0.0,
            0.0
        ],
        [
            5.231542754526021e-05,
            0.0,
            0.0
        ]
    ]
}