{
    "Resolution limit [wl]": 0.18749999999999997,
    "N_sensors": "25",
    "Sensor radius": 0.2,
    "N_timepoints": "40",
    "Wavelength": 6.9e-07,
    "n_objective": 1.33,
    "Relative permeability": 1,
    "epsr_objective": 1.7689000000000001,
    "NA": 1.2,
    "Theta max": 1.124972274337552,
    "Dipole_positions [wl]": [
        [
            -0.09374999999999999,
            0.0,
            0.0
        ],
        [
            0.09374999999999999,
            0.0,
            0.0
        ]
    ]
}