{
    "Resolution limit [wl]": 7.002552099967097e-05,
    "N_sensors": "225",
    "N_timepoints": "100",
    "Magnification": "60",
    "Optical axis magnification": 2706.766917293233,
    "Camera FoV [wl]": 1.3043478260869568,
    "Wavelength": 6.9e-07,
    "n_objective": 1.33,
    "n_substrate": 1.33,
    "n_camera": 1,
    "Relative permeability": 1,
    "epsr_objective": 1.7689000000000001,
    "epsr_substrate": 1.7689000000000001,
    "epsr_camera": 1.0,
    "f_obj": 0.004433333333333333,
    "f_cam": 0.2,
    "NA": 1.0,
    "Theta max": 0.8509085144778487,
    "Substrate interface [m]": -3e-08,
    "Dipole_positions [wl]": [
        [
            -3.5012760499835486e-05,
            0.0,
            0.0
        ],
        [
            3.5012760499835486e-05,
            0.0,
            0.0
        ]
    ]
}