{
    "Resolution limit [wl]": 5.499573469161986,
    "N_sensors": "100",
    "N_timepoints": "100",
    "Magnification": "60",
    "Optical axis magnification": 2706.766917293233,
    "Camera FoV [microns]": 30.0,
    "Voxel Size [microns]": 3,
    "Wavelength": 4.2e-07,
    "n_objective": 1.33,
    "n_substrate": 1.33,
    "n_camera": 1,
    "Relative permeability": 1,
    "epsr_objective": 1.7689000000000001,
    "epsr_substrate": 1.7689000000000001,
    "epsr_camera": 1.0,
    "f_obj": 0.05,
    "f_cam": 2.255639097744361,
    "NA": 1.2,
    "Theta max": 1.124972274337552,
    "Substrate interface [m]": -3e-08,
    "Dipole_positions [wl]": [
        [
            -2.749786734580993,
            0.0,
            0.0
        ],
        [
            2.749786734580993,
            0.0,
            0.0
        ]
    ]
}