{
    "Resolution limit [wl]": 0.09312629699707033,
    "N_sensors": "100",
    "Sensor radius": 0.31818,
    "N_timepoints": "100",
    "Wavelength": 6.9e-07,
    "n_objective": 1.33,
    "Relative permeability": 1,
    "epsr_objective": 1.7689000000000001,
    "NA": 1.2,
    "Theta max": 1.124972274337552,
    "Dipole_positions [wl]": [
        [
            -0.04656314849853516,
            0.0,
            0.0
        ],
        [
            0.04656314849853516,
            0.0,
            0.0
        ]
    ]
}