{
    "Resolution limit [wl]": 0.01354980468749779,
    "N_sensors": "100",
    "Sensor radius": 0.05,
    "N_timepoints": "100",
    "Wavelength": 6.9e-07,
    "n_objective": 1.33,
    "Relative permeability": 1,
    "epsr_objective": 1.7689000000000001,
    "Theta max": 0,
    "Dipole_positions [wl]": [
        [
            34.99322509765625,
            0.0,
            0.0
        ],
        [
            35.00677490234375,
            0.0,
            0.0
        ]
    ]
}