{
    "Resolution limit [wl]": 0.01721191406250489,
    "N_sensors": "100",
    "Sensor radius": 0.05,
    "N_timepoints": "100",
    "Wavelength": 6.9e-07,
    "n_objective": 1.33,
    "Relative permeability": 1,
    "epsr_objective": 1.7689000000000001,
    "Theta max": 0,
    "Dipole_positions [wl]": [
        [
            44.99139404296874,
            0.0,
            0.0
        ],
        [
            45.00860595703125,
            0.0,
            0.0
        ]
    ]
}