{
    "Resolution limit [wl]": 0.01794433593749256,
    "N_sensors": "100",
    "Sensor radius": 0.05,
    "N_timepoints": "100",
    "Wavelength": 6.9e-07,
    "n_objective": 1.33,
    "Relative permeability": 1,
    "epsr_objective": 1.7689000000000001,
    "Theta max": 0,
    "Dipole_positions [wl]": [
        [
            46.99102783203126,
            0.0,
            0.0
        ],
        [
            47.00897216796875,
            0.0,
            0.0
        ]
    ]
}