{
    "Resolution limit [wl]": 0.009704589843753593,
    "N_sensors": "100",
    "Sensor radius": 0.05,
    "N_timepoints": "100",
    "Wavelength": 6.9e-07,
    "n_objective": 1.33,
    "Relative permeability": 1,
    "epsr_objective": 1.7689000000000001,
    "Theta max": 0,
    "Dipole_positions [wl]": [
        [
            50.995147705078125,
            0.0,
            0.0
        ],
        [
            51.00485229492188,
            0.0,
            0.0
        ]
    ]
}