{
    "Resolution limit [wl]": 0.010803222656254741,
    "N_sensors": "100",
    "Sensor radius": 0.05,
    "N_timepoints": "100",
    "Wavelength": 6.9e-07,
    "n_objective": 1.33,
    "Relative permeability": 1,
    "epsr_objective": 1.7689000000000001,
    "Theta max": 0,
    "Dipole_positions [wl]": [
        [
            56.994598388671875,
            0.0,
            0.0
        ],
        [
            57.005401611328125,
            0.0,
            0.0
        ]
    ]
}