{
    "Resolution limit [wl]": 0.011352539062505315,
    "N_sensors": "100",
    "Sensor radius": 0.05,
    "N_timepoints": "100",
    "Wavelength": 6.9e-07,
    "n_objective": 1.33,
    "Relative permeability": 1,
    "epsr_objective": 1.7689000000000001,
    "Theta max": 0,
    "Dipole_positions [wl]": [
        [
            59.99432373046874,
            0.0,
            0.0
        ],
        [
            60.00567626953125,
            0.0,
            0.0
        ]
    ]
}