{
    "Resolution limit [wl]": 0.013000488281237395,
    "N_sensors": "100",
    "Sensor radius": 0.05,
    "N_timepoints": "100",
    "Wavelength": 6.9e-07,
    "n_objective": 1.33,
    "Relative permeability": 1,
    "epsr_objective": 1.7689000000000001,
    "Theta max": 0,
    "Dipole_positions [wl]": [
        [
            68.99349975585939,
            0.0,
            0.0
        ],
        [
            69.00650024414062,
            0.0,
            0.0
        ]
    ]
}