{
    "Resolution limit [wl]": 0.01647949218749758,
    "N_sensors": "100",
    "Sensor radius": 0.05,
    "N_timepoints": "100",
    "Wavelength": 6.9e-07,
    "n_objective": 1.33,
    "Relative permeability": 1,
    "epsr_objective": 1.7689000000000001,
    "Theta max": 0,
    "Dipole_positions [wl]": [
        [
            87.99176025390625,
            0.0,
            0.0
        ],
        [
            88.00823974609375,
            0.0,
            0.0
        ]
    ]
}