{
    "Resolution limit [wl]": 0.016845703124991413,
    "N_sensors": "100",
    "Sensor radius": 0.05,
    "N_timepoints": "100",
    "Wavelength": 6.9e-07,
    "n_objective": 1.33,
    "Relative permeability": 1,
    "epsr_objective": 1.7689000000000001,
    "Theta max": 0,
    "Dipole_positions [wl]": [
        [
            89.9915771484375,
            0.0,
            0.0
        ],
        [
            90.00842285156249,
            0.0,
            0.0
        ]
    ]
}