{
    "Resolution limit [wl]": 0.022891044616699212,
    "N_sensors": "99",
    "Sensor radius": 0.05,
    "N_timepoints": "100",
    "Wavelength": 6.9e-07,
    "n_objective": 1.33,
    "Relative permeability": 1,
    "epsr_objective": 1.7689000000000001,
    "Theta max": 0.8567979964335799,
    "Dipole_positions [wl]": [
        [
            -0.011445522308349606,
            0.0,
            0.0
        ],
        [
            0.011445522308349606,
            0.0,
            0.0
        ]
    ]
}