{
    "Resolution limit [wl]": 0.019246101379394528,
    "N_sensors": "100",
    "Sensor radius": 0.05,
    "N_timepoints": "100",
    "Wavelength": 6.9e-07,
    "n_objective": 1.33,
    "Relative permeability": 1,
    "epsr_objective": 1.7689000000000001,
    "Theta max": 0.9519977738150889,
    "Dipole_positions [wl]": [
        [
            -0.009623050689697264,
            0.0,
            0.0
        ],
        [
            0.009623050689697264,
            0.0,
            0.0
        ]
    ]
}