{
    "Resolution limit [wl]": 0.0144195556640625,
    "N_sensors": "100",
    "Sensor radius": 0.05,
    "N_timepoints": "100",
    "Wavelength": 6.9e-07,
    "n_objective": 1.33,
    "Relative permeability": 1,
    "epsr_objective": 1.7689000000000001,
    "Theta max": 1.1423973285781066,
    "Dipole_positions [wl]": [
        [
            -0.00720977783203125,
            0.0,
            0.0
        ],
        [
            0.00720977783203125,
            0.0,
            0.0
        ]
    ]
}