{
    "Resolution limit [wl]": 0.013141155242919922,
    "N_sensors": "100",
    "Sensor radius": 0.05,
    "N_timepoints": "100",
    "Wavelength": 6.9e-07,
    "n_objective": 1.33,
    "Relative permeability": 1,
    "epsr_objective": 1.7689000000000001,
    "Theta max": 1.2137971616142382,
    "Dipole_positions [wl]": [
        [
            -0.006570577621459961,
            0.0,
            0.0
        ],
        [
            0.006570577621459961,
            0.0,
            0.0
        ]
    ]
}