{
    "Resolution limit [wl]": 0.010014832019805908,
    "N_sensors": "100",
    "Sensor radius": 0.05,
    "N_timepoints": "100",
    "Wavelength": 6.9e-07,
    "n_objective": 1.33,
    "Relative permeability": 1,
    "epsr_objective": 1.7689000000000001,
    "Theta max": 1.5469963824495192,
    "Dipole_positions [wl]": [
        [
            -0.005007416009902954,
            0.0,
            0.0
        ],
        [
            0.005007416009902954,
            0.0,
            0.0
        ]
    ]
}