{
    "Resolution limit [wl]": 0.00890207290649414,
    "N_sensors": "100",
    "Sensor radius": 0.05,
    "N_timepoints": "100",
    "Wavelength": 6.9e-07,
    "n_objective": 1.33,
    "Relative permeability": 1,
    "epsr_objective": 1.7689000000000001,
    "Theta max": 2.4275943232284765,
    "Dipole_positions [wl]": [
        [
            -0.00445103645324707,
            0.0,
            0.0
        ],
        [
            0.00445103645324707,
            0.0,
            0.0
        ]
    ]
}