{
    "Resolution limit [wl]": 0.00931262969970703,
    "N_sensors": "100",
    "Sensor radius": 0.05,
    "N_timepoints": "100",
    "Wavelength": 6.9e-07,
    "n_objective": 1.33,
    "Relative permeability": 1,
    "epsr_objective": 1.7689000000000001,
    "Theta max": 2.9273931544813983,
    "Dipole_positions [wl]": [
        [
            -0.004656314849853515,
            0.0,
            0.0
        ],
        [
            0.004656314849853515,
            0.0,
            0.0
        ]
    ]
}