{
    "Resolution limit [wl]": 0.00938890501856804,
    "N_sensors": "100",
    "Sensor radius": 0.05,
    "N_timepoints": "100",
    "Wavelength": 4.800000000000001e-07,
    "n_objective": 1.33,
    "Relative permeability": 1,
    "epsr_objective": 1.7689000000000001,
    "Theta max": 0,
    "Dipole_positions [wl]": [
        [
            -0.00469445250928402,
            0.0,
            0.0
        ],
        [
            0.00469445250928402,
            0.0,
            0.0
        ]
    ]
}