{
    "Resolution limit [wl]": 0.09011077880859374,
    "N_sensors": "225",
    "Sensor radius": 0.2,
    "N_timepoints": "70",
    "Wavelength": 6.9e-07,
    "n_objective": 1.33,
    "Relative permeability": 1,
    "epsr_objective": 1.7689000000000001,
    "NA": 0.8,
    "Theta max": 0.6453821359990306,
    "Dipole_positions [wl]": [
        [
            -0.04505538940429687,
            0.0,
            0.0
        ],
        [
            0.04505538940429687,
            0.0,
            0.0
        ]
    ]
}