{
    "Resolution limit [wl]": 0.018629953265190125,
    "N_sensors": "225",
    "Sensor radius": 0.1,
    "N_timepoints": "100",
    "Wavelength": 6.9e-07,
    "n_objective": 1.33,
    "Relative permeability": 1,
    "epsr_objective": 1.7689000000000001,
    "NA": 1.2,
    "Theta max": 1.124972274337552,
    "Dipole_positions [wl]": [
        [
            -0.009314976632595062,
            0.0,
            0.0
        ],
        [
            0.009314976632595062,
            0.0,
            0.0
        ]
    ]
}