{
    "Resolution limit [wl]": 0.014648437500000165,
    "N_sensors": "100",
    "Sensor radius": 0.05,
    "N_timepoints": "100",
    "Wavelength": 6.9e-07,
    "n_objective": 1.33,
    "Relative permeability": 1,
    "epsr_objective": 1.7689000000000001,
    "Theta max": 0,
    "Dipole_positions [wl]": [
        [
            2.9926757812499996,
            0.0,
            0.0
        ],
        [
            3.0073242187499996,
            0.0,
            0.0
        ]
    ]
}