{
    "Resolution limit [wl]": 0.010620117187507824,
    "N_sensors": "100",
    "Sensor radius": 0.05,
    "N_timepoints": "100",
    "Wavelength": 6.9e-07,
    "n_objective": 1.33,
    "Relative permeability": 1,
    "epsr_objective": 1.7689000000000001,
    "Theta max": 0,
    "Dipole_positions [wl]": [
        [
            26.994689941406246,
            0.0,
            0.0
        ],
        [
            27.005310058593754,
            0.0,
            0.0
        ]
    ]
}