{
    "Resolution limit [wl]": 0.010986328125001658,
    "N_sensors": "100",
    "Sensor radius": 0.05,
    "N_timepoints": "100",
    "Wavelength": 6.9e-07,
    "n_objective": 1.33,
    "Relative permeability": 1,
    "epsr_objective": 1.7689000000000001,
    "Theta max": 0,
    "Dipole_positions [wl]": [
        [
            27.994506835937496,
            0.0,
            0.0
        ],
        [
            28.0054931640625,
            0.0,
            0.0
        ]
    ]
}