{
    "Resolution limit [wl]": 0.01519775390623969,
    "N_sensors": "100",
    "Sensor radius": 0.05,
    "N_timepoints": "100",
    "Wavelength": 6.9e-07,
    "n_objective": 1.33,
    "Relative permeability": 1,
    "epsr_objective": 1.7689000000000001,
    "Theta max": 0,
    "Dipole_positions [wl]": [
        [
            80.99240112304688,
            0.0,
            0.0
        ],
        [
            81.00759887695311,
            0.0,
            0.0
        ]
    ]
}