{
    "Resolution limit [wl]": 0.030761718749999993,
    "N_sensors": "100",
    "Sensor radius": 0.16364,
    "N_timepoints": "100",
    "Wavelength": 6.9e-07,
    "n_objective": 1.33,
    "Relative permeability": 1,
    "epsr_objective": 1.7689000000000001,
    "Theta max": 0,
    "Dipole_positions [wl]": [
        [
            -0.015380859374999997,
            0.0,
            0.0
        ],
        [
            0.015380859374999997,
            0.0,
            0.0
        ]
    ]
}