{
    "Resolution limit [wl]": 0.07121658325195312,
    "N_sensors": "100",
    "Sensor radius": 0.37727,
    "N_timepoints": "100",
    "Wavelength": 6.9e-07,
    "n_objective": 1.33,
    "Relative permeability": 1,
    "epsr_objective": 1.7689000000000001,
    "Theta max": 0,
    "Dipole_positions [wl]": [
        [
            -0.03560829162597656,
            0.0,
            0.0
        ],
        [
            0.03560829162597656,
            0.0,
            0.0
        ]
    ]
}