{
    "Resolution limit [wl]": 0.014648437499999993,
    "N_sensors": "100",
    "Sensor radius": 0.05,
    "N_timepoints": "100",
    "Wavelength": 6.9e-07,
    "n_objective": 1.33,
    "Relative permeability": 1,
    "epsr_objective": 1.7689000000000001,
    "NA": 1.2,
    "Theta max": 1.124972274337552,
    "Offset [wl]": 0.06315789473684211,
    "Dipole_positions [wl]": [
        [
            0.055833675986842114,
            0.0,
            0.0
        ],
        [
            0.07048211348684211,
            0.0,
            0.0
        ]
    ]
}