{
    "Resolution limit [wl]": 0.015625000000000003,
    "N_sensors": "100",
    "Sensor radius": 0.05,
    "N_timepoints": "100",
    "Wavelength": 6.9e-07,
    "n_objective": 1.33,
    "Relative permeability": 1,
    "epsr_objective": 1.7689000000000001,
    "NA": 1.2,
    "Theta max": 1.124972274337552,
    "Offset [wl]": 0.11578947368421054,
    "Dipole_positions [wl]": [
        [
            0.10797697368421053,
            0.0,
            0.0
        ],
        [
            0.12360197368421054,
            0.0,
            0.0
        ]
    ]
}