{
    "Resolution limit [wl]": 0.015625000000025056,
    "N_sensors": "100",
    "Sensor radius": 0.05,
    "N_timepoints": "100",
    "Wavelength": 6.9e-07,
    "n_objective": 1.33,
    "Relative permeability": 1,
    "epsr_objective": 1.7689000000000001,
    "NA": 1.2,
    "Theta max": 1.124972274337552,
    "Offset [wl]": 89.0,
    "Dipole_positions [wl]": [
        [
            88.99218749999999,
            0.0,
            0.0
        ],
        [
            89.00781250000001,
            0.0,
            0.0
        ]
    ]
}