{
    "Resolution limit [wl]": 0.015624999999985772,
    "N_sensors": "100",
    "Sensor radius": 0.05,
    "N_timepoints": "100",
    "Wavelength": 6.9e-07,
    "n_objective": 1.33,
    "Relative permeability": 1,
    "epsr_objective": 1.7689000000000001,
    "NA": 1.2,
    "Theta max": 1.124972274337552,
    "Offset [wl]": 92.0,
    "Dipole_positions [wl]": [
        [
            91.9921875,
            0.0,
            0.0
        ],
        [
            92.00781249999999,
            0.0,
            0.0
        ]
    ]
}