{
    "Resolution limit [wl]": 0.028320312500001218,
    "N_sensors": "100",
    "Sensor radius": 0.05,
    "N_timepoints": "100",
    "Wavelength": 6.9e-07,
    "n_objective": 1.33,
    "Relative permeability": 1,
    "epsr_objective": 1.7689000000000001,
    "NA": 1.2,
    "Theta max": 1.124972274337552,
    "Dipole_positions [wl]": [
        [
            51.98583984374999,
            0.0,
            0.0
        ],
        [
            52.01416015625,
            0.0,
            0.0
        ]
    ]
}