{
    "Resolution limit [wl]": 0.0010598373413085937,
    "N_sensors": 25,
    "N_timepoints": 50,
    "Magnification": 60,
    "Optical axis magnification": 2706.766917293233,
    "Camera FoV [wl]": 6,
    "Wavelength": 6.9e-07,
    "n_objective": 1.33,
    "n_substrate": 4.3,
    "n_camera": 1,
    "Relative permeability": 1,
    "epsr_objective": 1.7689000000000001,
    "epsr_substrate": 18.49,
    "epsr_camera": 1.0,
    "f_obj": 0.0035466666666666667,
    "f_cam": 0.16,
    "NA": 1.2,
    "Theta max": 1.124972274337552,
    "Substrate interface [m]": -3e-08,
    "Dipole_positions [wl]": [
        [
            -0.0005299186706542968,
            0.0,
            0.0
        ],
        [
            0.0005299186706542968,
            0.0,
            0.0
        ]
    ]
}