{
    "Resolution limit [wl]": 2.1480023860931393e-05,
    "N_sensors": "100",
    "N_timepoints": "100",
    "Magnification": "60",
    "Optical axis magnification": 2706.766917293233,
    "Camera FoV [wl]": 0.8695652173913043,
    "Voxel Size": 0.08695652173913043,
    "Wavelength": 6.9e-07,
    "n_objective": 1.33,
    "n_substrate": 1.33,
    "n_camera": 1,
    "Relative permeability": 1,
    "epsr_objective": 1.7689000000000001,
    "epsr_substrate": 1.7689000000000001,
    "epsr_camera": 1.0,
    "f_obj": 0.0035466666666666667,
    "f_cam": 0.05,
    "NA": 1.1206060606060606,
    "Theta max": 1.0020205010555039,
    "Substrate interface [m]": -3e-08,
    "Dipole_positions [wl]": [
        [
            -1.0740011930465697e-05,
            0.0,
            0.0
        ],
        [
            1.0740011930465697e-05,
            0.0,
            0.0
        ]
    ]
}