{
    "Resolution limit [wl]": 0.022036773989902038,
    "N_sensors": "100",
    "Sensor radius": 0.05,
    "N_timepoints": "100",
    "Wavelength": 6.9e-07,
    "n_objective": 1.33,
    "Relative permeability": 1,
    "epsr_objective": 1.7689000000000001,
    "NA": 1.2,
    "Theta max": 1.124972274337552,
    "Dipole_positions [wl]": [
        [
            16.554638178661612,
            0.0,
            0.0
        ],
        [
            16.576674952651516,
            0.0,
            0.0
        ]
    ]
}