{
    "Resolution limit [wl]": 0.01171874999999915,
    "N_sensors": "100",
    "Sensor radius": 0.05,
    "N_timepoints": "100",
    "Wavelength": 6.9e-07,
    "n_objective": 1.33,
    "Relative permeability": 1,
    "epsr_objective": 1.7689000000000001,
    "Theta max": 0,
    "Dipole_positions [wl]": [
        [
            13.994140625,
            0.0,
            0.0
        ],
        [
            14.005859374999998,
            0.0,
            0.0
        ]
    ]
}