{
    "Resolution limit [wl]": 0.012084960937502807,
    "N_sensors": "100",
    "Sensor radius": 0.05,
    "N_timepoints": "100",
    "Wavelength": 6.9e-07,
    "n_objective": 1.33,
    "Relative permeability": 1,
    "epsr_objective": 1.7689000000000001,
    "Theta max": 0,
    "Dipole_positions [wl]": [
        [
            30.99395751953125,
            0.0,
            0.0
        ],
        [
            31.006042480468754,
            0.0,
            0.0
        ]
    ]
}