{
    "Resolution limit [wl]": 0.01171875000001879,
    "N_sensors": "100",
    "Sensor radius": 0.05,
    "N_timepoints": "100",
    "Wavelength": 6.9e-07,
    "n_objective": 1.33,
    "Relative permeability": 1,
    "epsr_objective": 1.7689000000000001,
    "Theta max": 0,
    "Dipole_positions [wl]": [
        [
            61.99414062499999,
            0.0,
            0.0
        ],
        [
            62.005859375000014,
            0.0,
            0.0
        ]
    ]
}