{
    "Resolution limit [wl]": 0.015563964843753168,
    "N_sensors": "100",
    "Sensor radius": 0.05,
    "N_timepoints": "100",
    "Wavelength": 6.9e-07,
    "n_objective": 1.33,
    "Relative permeability": 1,
    "epsr_objective": 1.7689000000000001,
    "Theta max": 0,
    "Dipole_positions [wl]": [
        [
            82.99221801757812,
            0.0,
            0.0
        ],
        [
            83.00778198242188,
            0.0,
            0.0
        ]
    ]
}