{
    "Resolution limit [wl]": 0.017395019531241986,
    "N_sensors": "100",
    "Sensor radius": 0.05,
    "N_timepoints": "100",
    "Wavelength": 6.9e-07,
    "n_objective": 1.33,
    "Relative permeability": 1,
    "epsr_objective": 1.7689000000000001,
    "Theta max": 0,
    "Dipole_positions [wl]": [
        [
            92.99130249023438,
            0.0,
            0.0
        ],
        [
            93.00869750976561,
            0.0,
            0.0
        ]
    ]
}